rho,mu,D,V,e,L,Re,eD,f,delta_P
1000,0.00118,0.0994,0.1545,0.0001,1.8,13014.6610169492,0.00100603621730382,0.0285759054337495,6.17608255545234
1000,0.00118,0.0994,0.202,0.0001,1.8,17015.9322033898,0.00100603621730382,0.0274157417192788,10.1288202475061
1000,0.00118,0.0994,0.25,0.0001,1.8,21059.3220338983,0.00100603621730382,0.0261216135439921,14.7821002198144
1000,0.00118,0.0994,0.273,0.0001,1.8,22996.779661017,0.00100603621730382,0.0255270130266125,17.2258800651344
1000,0.00118,0.0994,0.273,0.0001,1.8,22996.779661017,0.00100603621730382,0.0252929799644614,17.0679522474267
1000,0.00118,0.0994,0.344,0.0001,1.8,28977.6271186441,0.00100603621730382,0.0240436280000693,25.7616105303278
1000,0.00118,0.0994,0.368,0.0001,1.8,30999.3220338983,0.00100603621730382,0.0239883291901949,29.4138424851877
1000,0.00118,0.0994,0.404,0.0001,1.8,34031.8644067797,0.00100603621730382,0.0232273679635711,34.3256567463581
1000,0.00118,0.0994,0.44,0.0001,1.8,37064.406779661,0.00100603621730382,0.0231739464996848,40.6220164799304
1000,0.00118,0.0994,0.464,0.0001,1.8,39086.1016949153,0.00100603621730382,0.0226986485188382,44.2478411303885
1000,0.00118,0.0994,0.5,0.0001,1.8,42118.6440677966,0.00100603621730382,0.022233098906514,50.3264311264151
1000,0.00118,0.0994,0.559,0.0001,1.8,47088.6440677966,0.00100603621730382,0.0215278173472437,60.9087575778236
1000,0.00118,0.0994,0.585,0.0001,1.8,49278.813559322,0.00100603621730382,0.0210862814993329,65.3383039989766
1000,0.00118,0.0994,0.618,0.0001,1.8,52058.6440677966,0.00100603621730382,0.0208929613085404,72.2492054257815
1000,0.00118,0.0994,0.69,0.0001,1.8,58123.7288135593,0.00100603621730382,0.0202768271952128,87.4086286204904
1000,0.00118,0.0994,0.76,0.0001,1.8,64020.3389830509,0.00100603621730382,0.0200909281260873,105.071107415143
1000,0.00118,0.0994,0.844,0.0001,1.8,71096.2711864407,0.00100603621730382,0.0195884467350599,126.340042395564
1000,0.00118,0.0994,0.94,0.0001,1.8,79183.0508474576,0.00100603621730382,0.0193196831701692,154.565239881744
1000,0.00118,0.0994,1.035,0.0001,1.8,87185.593220339,0.00100603621730382,0.0189670592121115,183.965686157391
1000,0.00112,0.0994,1.06,0.0001,1.8,94075,0.00100603621730382,0.0187931681680327,191.191180867619
1000,0.00112,0.0994,1.14,0.0001,1.8,101175,0.00100603621730382,0.0187931681680327,221.139247646456
1000,0.00112,0.0994,1.198,0.0001,1.8,106322.5,0.00100603621730382,0.018706821403658,243.091493111006
1000,0.00112,0.0994,1.26,0.0001,1.8,111825,0.00100603621730382,0.0186208713666287,267.66846925044
1000,0.00116,0.0994,1.47,0.0001,1.8,125963.793103448,0.00100603621730382,0.0182810021614274,357.676819049956
1000,0.00116,0.0994,1.62,0.0001,1.8,138817.24137931,0.00100603621730382,0.0181970085860998,432.40046680105
1000,0.00116,0.0994,1.84,0.0001,1.8,157668.965517241,0.00100603621730382,0.0179887091512879,551.431753846481
1000,0.00116,0.0994,2.01,0.0001,1.8,172236.206896552,0.00100603621730382,0.0179060585403529,655.010466780603
1000,0.00116,0.0994,2.17,0.0001,1.8,185946.551724138,0.00100603621730382,0.0179887091512879,766.965083201706
1000,0.00116,0.0994,2.23,0.0001,1.8,191087.931034483,0.00100603621730382,0.0179060585403529,806.242803458642
1000,0.00116,0.0994,2.34,0.0001,1.8,200513.793103448,0.00100603621730382,0.0177827941003892,881.633004411289
1000,0.00116,0.0994,2.48,0.0001,1.8,212510.344827586,0.00100603621730382,0.0178648757485205,994.854312105941
1000,0.0012,0.0994,2.87,0.0001,1.8,237731.666666667,0.00100603621730382,0.0179887091512879,1341.59032764003
1000,0.0012,0.0994,3.25,0.0001,1.8,269208.333333333,0.00100603621730382,0.0179060585403529,1712.46950703451
1000,0.0012,0.0994,3.75,0.0001,1.8,310625,0.00100603621730382,0.018113400926196,2306.31519589707
1000,0.0012,0.0994,4.12,0.0001,1.8,341273.333333333,0.00100603621730382,0.0181970085860998,2796.73010351613
1000,0.00118,0.0994,4.45,0.0001,1.8,374855.93220339,0.00100603621730382,0.0182810021614274,3277.75242224849
1000,0.00118,0.0994,4.81,0.0001,1.8,405181.355932204,0.00100603621730382,0.0185353162341481,3882.81123674433
1000,0.0012,0.0994,5.16,0.0001,1.8,427420,0.00100603621730382,0.018706821403658,4509.78178640556
1000,0.00118,0.0994,5.51,0.0001,1.8,464147.457627119,0.00100603621730382,0.018706821403658,5142.32265238911
1000,0.00118,0.0994,6.07,0.0001,1.8,511320.338983051,0.00100603621730382,0.018706821403658,6240.70289277741
1000,0.00105,0.0994,6.02,0.0001,1.8,569893.333333333,0.00100603621730382,0.0189670592121115,6223.70655335557
1000,0.00105,0.0994,6.55,0.0001,1.8,620066.666666667,0.00100603621730382,0.019010782799233,7384.79978007731
1000,0.00105,0.0994,7.2,0.0001,1.8,681600,0.00100603621730382,0.0191866874067029,9005.7755296492
1000,0.00091,0.0994,7.98,0.0001,1.8,871661.538461538,0.00100603621730382,0.0193196831701692,11139.4027860632
1000,0.00091,0.0994,8.45,0.0001,1.8,923000,0.00100603621730382,0.0194088587759278,12547.8564876596
1000,0.00086,0.0994,8.35,0.0001,1.8,965104.651162791,0.00100603621730382,0.0194536008162266,12280.8683563222
1000,0.00086,0.0994,7.79,0.0001,1.8,900379.069767442,0.00100603621730382,0.0194088587759278,10664.267748087
1000,0.00086,0.0994,8.4,0.0001,1.8,970883.720930233,0.00100603621730382,0.0193196831701692,12342.8285718152
1000,0.00132,0.0494,0.434,0.0001,1.8,16242.1212121212,0.00202429149797571,0.0282227936211811,96.8489729510134
1000,0.00132,0.0494,0.51,0.0001,1.8,19086.3636363636,0.00202429149797571,0.0272207445510533,128.989961375629
1000,0.00132,0.0494,0.782,0.0001,1.8,29265.7575757576,0.00202429149797571,0.0240325580493324,267.749745459595
1000,0.00132,0.0494,0.86,0.0001,1.8,32184.8484848485,0.00202429149797571,0.0230993628017319,311.252223792405
1000,0.00132,0.0494,0.948,0.0001,1.8,35478.1818181818,0.00202429149797571,0.0227981706428029,373.277863045195
1000,0.0013,0.0494,1.04,0.0001,1.8,39520,0.00202429149797571,0.0227091040400683,447.488871189556
1000,0.0013,0.0494,1.16,0.0001,1.8,44080,0.00202429149797571,0.0220495636796963,540.544607260313
1000,0.0013,0.0494,1.58,0.0001,1.8,60040,0.00202429149797571,0.0211689832851074,962.785928859268
1000,0.0013,0.0494,1.74,0.0001,1.8,66120,0.00202429149797571,0.021291193159295,1174.39463093469
1000,0.00128,0.0494,2.14,0.0001,1.8,82590.625,0.00202429149797571,0.0209990670376243,1752.03632925007
1000,0.00128,0.0494,2.52,0.0001,1.8,97256.25,0.00202429149797571,0.0208785339457714,2415.55339620049
1000,0.00128,0.0494,2.96,0.0001,1.8,114237.5,0.00202429149797571,0.0209411245585089,3342.71217082285
1000,0.00126,0.0494,3.22,0.0001,1.8,126244.444444444,0.00202429149797571,0.0210280983703774,3972.16521516354
1000,0.00126,0.0494,3.82,0.0001,1.8,149768.253968254,0.00202429149797571,0.0208785339457714,5550.63009868921
1000,0.00124,0.0494,4.07,0.0001,1.8,162143.548387097,0.00202429149797571,0.0212617985986252,6416.59131266661
1000,0.0012,0.0494,4.68,0.0001,1.8,192660,0.00202429149797571,0.0214881981440347,8574.46963414807
1000,0.00118,0.0494,5.55,0.0001,1.8,232347.457627119,0.00202429149797571,0.0219583650097319,12322.5766071061
1000,0.00116,0.0494,7.35,0.0001,1.8,313008.620689655,0.00202429149797571,0.0224078402678606,22054.1456636325
1000,0.00086,0.0494,6.64,0.0001,1.8,381413.953488372,0.00202429149797571,0.0227091040400683,18241.1291930465
1000,0.00086,0.0494,7.34,0.0001,1.8,421623.255813954,0.00202429149797571,0.0229192287926546,22496.1231268702
1000,0.00086,0.0494,8.79,0.0001,1.8,504913.953488372,0.00202429149797571,0.0230993628017319,32515.7151762017
1000,0.00117,0.0494,1.21,0.0001,1.8,51088.8888888889,0.00202429149797571,0.0217320151939997,579.677309736466
1000,0.00119,0.0494,4.86,0.0001,1.8,201751.260504202,0.00202429149797571,0.0215179057033975,9259.51200398323
1000,0.0012,0.0494,8.54,0.0001,1.8,351563.333333333,0.00202429149797571,0.0227091040400683,30173.8899390239
1000,0.00089,0.0494,11.04,0.0001,1.8,612782.02247191,0.00202429149797571,0.0232327168784863,51588.595849134
1000,0.00128,0.0994,0.723,0.0002,1.8,56145.46875,0.00201207243460765,0.0215526164356616,102.007644598765
1000,0.00128,0.0994,0.955,0.0002,1.8,74161.71875,0.00201207243460765,0.0210280983703774,173.645234151098
1000,0.00128,0.0994,1.16,0.0002,1.8,90081.25,0.00201207243460765,0.0209411245585089,255.136212126123
1000,0.00128,0.0994,1.755,0.0002,1.8,136286.71875,0.00201207243460765,0.0209411245585089,583.996664501905
1000,0.00128,0.0994,2.32,0.0002,1.8,180162.5,0.00201207243460765,0.0213501042512723,1040.47606649742
1000,0.00118,0.0994,3.09,0.0002,1.8,260293.220338983,0.00201207243460765,0.0220495636796963,1906.22027236517
1000,0.00118,0.0994,4.54,0.0002,1.8,382437.288135593,0.00201207243460765,0.0226516582125459,4227.34634378612
1000,0.00118,0.0994,6.66,0.0002,1.8,561020.338983051,0.00201207243460765,0.0229509147602423,9217.31826222798
1000,0.00118,0.0994,8.33,0.0002,1.8,701696.610169492,0.00201207243460765,0.0232594799353611,14613.2269070232
1000,0.00091,0.0994,6.97,0.0002,1.8,761338.461538461,0.00201207243460765,0.0233776041227469,10283.0436953127
1000,0.00091,0.0994,7.7,0.0002,1.8,841076.923076923,0.00201207243460765,0.0235884823562898,12663.0282395773
1000,0.00091,0.0994,8.5,0.0002,1.8,928461.538461538,0.00201207243460765,0.0234692926268646,15353.0256847271
1000,0.00089,0.0994,8.8,0.0002,1.8,982831.460674157,0.00201207243460765,0.0235288120193817,16497.6265845355
1000,0.00132,0.02474,0.228,0.0001,3.57,4273.27272727273,0.00404203718674212,0.03926449353996,147.26794245932
1000,0.00132,0.02474,0.252,0.0001,3.57,4723.09090909091,0.00404203718674212,0.0387257644921617,177.435129051486
1000,0.00132,0.02474,0.277,0.0001,3.57,5191.65151515152,0.00404203718674212,0.0376703798983909,208.544174774219
1000,0.00132,0.02474,0.307,0.0001,3.57,5753.92424242424,0.00404203718674212,0.0368128973642531,250.331369974739
1000,0.00132,0.02474,0.344,0.0001,3.57,6447.39393939394,0.00404203718674212,0.0356451133426244,304.337459035382
1000,0.00132,0.02474,0.363,0.0001,3.57,6803.5,0.00404203718674212,0.0366437574647833,348.378845194746
1000,0.00132,0.02474,0.418,0.0001,3.57,7834.33333333333,0.00404203718674212,0.0340408189701001,429.13218576844
1000,0.00132,0.02474,0.448,0.0001,3.57,8396.60606060606,0.00404203718674212,0.0327340694878838,474.017693947283
1000,0.00132,0.02474,0.475,0.0001,3.57,8902.65151515152,0.00404203718674212,0.0318419752172612,518.353152798476
1000,0.00132,0.02474,0.492,0.0001,3.57,9221.27272727273,0.00404203718674212,0.0314774831410132,549.754421184215
1000,0.00132,0.02474,0.552,0.0001,3.57,10345.8181818182,0.00404203718674212,0.0309741929921658,680.952283554993
1000,0.00132,0.02474,0.688,0.0001,3.57,12894.7878787879,0.00404203718674212,0.0295801246655155,1010.2186958556
1000,0.00132,0.02474,0.837,0.0001,3.57,15687.4090909091,0.00404203718674212,0.0282487997491571,1427.8725385517
1000,0.00132,0.02474,0.982,0.0001,3.57,18405.0606060606,0.00404203718674212,0.0272270130807791,1894.35557636884
1000,0.00132,0.02474,1.14,0.0001,3.57,21366.3636363636,0.00404203718674212,0.0265460556197554,2489.13371794381
1000,0.00132,0.02474,1.295,0.0001,3.57,24271.4393939394,0.00404203718674212,0.0260015956316527,3146.14012759894
1000,0.00132,0.02474,1.365,0.0001,3.57,25583.4090909091,0.00404203718674212,0.025822601906346,3471.39335589969
1000,0.00132,0.02474,1.575,0.0001,3.57,29519.3181818182,0.00404203718674212,0.0251188643150958,4495.7240009324
1000,0.00132,0.02474,1.67,0.0001,3.57,31299.8484848485,0.00404203718674212,0.0248885731828239,5008.08241806775
1000,0.00132,0.02474,1.73,0.0001,3.57,32424.3939393939,0.00404203718674212,0.0251188643150958,5424.13801456915
1000,0.00132,0.02474,1.89,0.0001,3.57,35423.1818181818,0.00404203718674212,0.0247172414501613,6370.33297731028
1000,0.00132,0.02474,2.23,0.0001,3.57,41795.6060606061,0.00404203718674212,0.0246603933723434,8848.06391711268
1000,0.00132,0.02474,2.66,0.0001,3.57,49854.8484848485,0.00404203718674212,0.0246036760414763,12560.351649367
1000,0.00132,0.02474,3.07,0.0001,3.57,57539.2424242424,0.00404203718674212,0.0251188643150958,17081.0780091258
1000,0.00132,0.02474,3.52,0.0001,3.57,65973.3333333333,0.00404203718674212,0.0252929799644614,22611.2125314761
1000,0.00128,0.02474,4.2,0.0001,3.57,81178.125,0.00404203718674212,0.0255858588690565,32563.952002972
1000,0.00128,0.02474,5,0.0001,3.57,96640.625,0.00404203718674212,0.0259417936211881,46792.7461740307
1000,0.00128,0.02474,5.9,0.0001,3.57,114035.9375,0.00404203718674212,0.0264240875732195,66365.5271558783
1000,0.00128,0.02474,6.83,0.0001,3.57,132011.09375,0.00404203718674212,0.0265460556197554,89346.9913011612
1000,0.00128,0.02474,7.55,0.0001,3.57,145927.34375,0.00404203718674212,0.0269153480392692,110696.127566535
1000,0.00089,0.0992,3.5,0.0004,3.57,390112.359550562,0.00403225806451613,0.0281838293126445,6212.44614624611
1000,0.00089,0.0992,3.71,0.0004,3.57,413519.101123595,0.00403225806451613,0.0283791902844156,7028.68964913103
1000,0.00089,0.0992,4.06,0.0004,3.57,452530.337078652,0.00403225806451613,0.0279898131963436,8301.92136465525
1000,0.00089,0.0992,4.24,0.0004,3.57,472593.258426966,0.00403225806451613,0.0281838293126445,9117.13239500033
1000,0.00089,0.0992,4.58,0.0004,3.57,510489.887640449,0.00403225806451613,0.0278612116862977,10516.1677284009
1000,0.00089,0.0992,4.88,0.0004,3.57,543928.08988764,0.00403225806451613,0.0283139199579938,12132.943977561
1000,0.00089,0.0992,5.11,0.0004,3.57,569564.04494382,0.00403225806451613,0.0278612116862977,13090.8651313275
1000,0.00089,0.0992,5.35,0.0004,3.57,596314.606741573,0.00403225806451613,0.0278612116862977,14349.4122349953
1000,0.00085,0.0992,5.38,0.0004,3.57,627877.647058823,0.00403225806451613,0.0281838293126445,14678.8184681964
1000,0.00085,0.0992,5.81,0.0004,3.57,678061.176470588,0.00403225806451613,0.0281838293126445,17119.0166005958
1000,0.00085,0.0992,5.86,0.0004,3.57,683896.470588235,0.00403225806451613,0.0279254384123734,17255.2708372619
1000,0.00085,0.0992,6.42,0.0004,3.57,749251.764705882,0.00403225806451613,0.0281838293126445,20902.4216605827
1000,0.00085,0.0992,6.72,0.0004,3.57,784263.529411765,0.00403225806451613,0.0279898131963436,22743.9082332529
1000,0.00085,0.0992,7.38,0.0004,3.57,861289.411764706,0.00403225806451613,0.0281838293126445,27620.991990825
1000,0.00085,0.0992,7.83,0.0004,3.57,913807.058823529,0.00403225806451613,0.0277971326775929,30665.5015654923
1000,0.00085,0.0992,8,0.0004,3.57,933647.058823529,0.00403225806451613,0.0281190083039894,32382.2127887878
1000,0.00135,0.0992,8.32,0.0004,3.57,611365.925925926,0.00403225806451613,0.0279898131963436,34863.6779267097
1000,0.00117,0.0992,1.21,0.0004,3.57,102591.452991453,0.00403225806451613,0.0269153480392692,709.083351812144
1000,0.00117,0.0992,1.32,0.0004,3.57,111917.948717949,0.00403225806451613,0.0270395836410884,847.762907330393
1000,0.00117,0.0992,1.24,0.0004,3.57,105135.042735043,0.00403225806451613,0.0260015956316527,719.399147138752
1000,0.00117,0.0992,1.49,0.0004,3.57,126331.623931624,0.00403225806451613,0.0264240875732195,1055.59927949626
1000,0.00117,0.0992,1.59,0.0004,3.57,134810.256410256,0.00403225806451613,0.0264240875732195,1202.04519548421
1000,0.00117,0.0992,1.78,0.0004,3.57,150919.658119658,0.00403225806451613,0.0269153480392692,1534.49879918148
1000,0.00117,0.0992,1.85,0.0004,3.57,156854.700854701,0.00403225806451613,0.0269153480392692,1657.56285197532
1000,0.00117,0.0992,1.98,0.0004,3.57,167876.923076923,0.00403225806451613,0.0272270130807791,1920.68846790491
1000,0.00117,0.0992,1.98,0.0004,3.57,167876.923076923,0.00403225806451613,0.0269153480392692,1898.7025288193
1000,0.00117,0.0992,2.1,0.0004,3.57,178051.282051282,0.00403225806451613,0.0272897778280804,2165.53465318523
1000,0.00117,0.0992,2.22,0.0004,3.57,188225.641025641,0.00403225806451613,0.0274157417192788,2431.26611449989
1000,0.00117,0.0992,2.3,0.0004,3.57,195008.547008547,0.00403225806451613,0.0274157417192788,2609.64973332206
1000,0.00088,0.0992,1.81,0.0004,3.57,204036.363636364,0.00403225806451613,0.0272897778280804,1608.73199031749
1000,0.00088,0.0992,1.9,0.0004,3.57,214181.818181818,0.00403225806451613,0.027478941531024,1784.98162686178
1000,0.00088,0.0992,1.99,0.0004,3.57,224327.272727273,0.00403225806451613,0.027478941531024,1958.09023283528
1000,0.00088,0.0992,2.06,0.0004,3.57,232218.181818182,0.00403225806451613,0.0277971326775929,2122.56495294032
1000,0.00088,0.0992,2.19,0.0004,3.57,246872.727272727,0.00403225806451613,0.0277971326775929,2398.9145467992
1000,0.00088,0.0992,2.35,0.0004,3.57,264909.090909091,0.00403225806451613,0.0279254384123734,2774.99543380759
1000,0.00088,0.0992,2.44,0.0004,3.57,275054.545454545,0.00403225806451613,0.0279898131963436,2998.5148290793
1000,0.00088,0.0992,2.53,0.0004,3.57,285200,0.00403225806451613,0.0281838293126445,3246.14257449034
1000,0.00088,0.0992,2.65,0.0004,3.57,298727.272727273,0.00403225806451613,0.0283139199579938,3577.81842424844
1000,0.00088,0.0992,2.81,0.0004,3.57,316763.636363636,0.00403225806451613,0.0279898131963436,3976.84979539993
1000,0.00081,0.0992,3.01,0.0004,3.57,368632.098765432,0.00403225806451613,0.0279898131963436,4563.09530417585
1000,0.00081,0.0992,3.26,0.0004,3.57,399249.382716049,0.00403225806451613,0.0281838293126445,5389.66470725266
1000,0.00128,0.02434,0.238,0.0002,3.57,4525.71875,0.00821692686935086,0.0391741877107783,162.731474910043
1000,0.00128,0.02434,0.263,0.0002,3.57,5001.109375,0.00821692686935086,0.0377572190925416,191.526619598621
1000,0.00128,0.02434,0.289,0.0002,3.57,5495.515625,0.00821692686935086,0.0372391706254569,228.093722025829
1000,0.00128,0.02434,0.32,0.0002,3.57,6085,0.00821692686935086,0.0363078054770101,272.657597218974
1000,0.00128,0.02434,0.375,0.0002,3.57,7130.859375,0.00821692686935086,0.0349945167028357,360.894432281645
1000,0.00128,0.02434,0.39,0.0002,3.57,7416.09375,0.00821692686935086,0.0339625272590408,378.832177774803
1000,0.00128,0.02434,0.427,0.0002,3.57,8119.671875,0.00821692686935086,0.0325087297385434,434.683741550144
1000,0.00128,0.02434,0.468,0.0002,3.57,8899.3125,0.00821692686935086,0.0325087297385434,522.166916997728
1000,0.00128,0.02434,0.52,0.0002,3.57,9888.125,0.00821692686935086,0.0321366053864032,637.271261389602
1000,0.00128,0.02434,0.6,0.0002,3.57,11409.375,0.00821692686935086,0.0311888958409394,823.417603425951
1000,0.00128,0.02434,0.646,0.0002,3.57,12284.09375,0.00821692686935086,0.0309029543251359,945.763790368115
1000,0.00128,0.02434,0.762,0.0002,3.57,14489.90625,0.00821692686935086,0.0311888958409394,1328.09025256572
1000,0.00128,0.02434,0.904,0.0002,3.57,17190.125,0.00821692686935086,0.0306902198839116,1839.30820204525
1000,0.00128,0.02434,1.025,0.0002,3.57,19491.015625,0.00821692686935086,0.0306902198839116,2364.64188142889
1000,0.00128,0.02434,1.29,0.0002,3.57,24530.15625,0.00821692686935086,0.0302691342810131,3694.00149742421
1000,0.00128,0.02434,1.356,0.0002,3.57,25785.1875,0.00821692686935086,0.0308318795024935,4157.54564166726
1000,0.00128,0.02434,1.71,0.0002,3.57,32516.71875,0.00821692686935086,0.0309029543251359,6626.89161071084
1000,0.00128,0.02434,1.825,0.0002,3.57,34703.515625,0.00821692686935086,0.0306902198839116,7496.23830228112
1000,0.00128,0.02434,1.88,0.0002,3.57,35749.375,0.00821692686935086,0.0314774831410132,8158.93259236937
1000,0.0012,0.02434,1.87,0.0002,3.57,37929.8333333333,0.00821692686935086,0.0311171633710602,7979.96266792049
1000,0.0012,0.02434,2,0.0002,3.57,40566.6666666667,0.00821692686935086,0.0321366053864032,9427.08966552665
1000,0.00118,0.02434,2.14,0.0002,3.57,44142.0338983051,0.00821692686935086,0.0319153785510076,10718.7759526609
1000,0.00118,0.02434,2.24,0.0002,3.57,46204.7457627119,0.00821692686935086,0.0321366053864032,11825.3412764366
1000,0.00118,0.02434,2.42,0.0002,3.57,49917.6271186441,0.00821692686935086,0.0322849412171264,13865.9100490141
1000,0.00116,0.02434,2.62,0.0002,3.57,54974.8275862069,0.00821692686935086,0.0328851630875983,16554.6586111274
1000,0.00116,0.02434,2.8,0.0002,3.57,58751.7241379311,0.00821692686935086,0.0331131121482591,19038.5430011338
1000,0.00114,0.02434,3.02,0.0002,3.57,64479.649122807,0.00821692686935086,0.0337287308658869,22559.6071415688
1000,0.00114,0.02434,3.32,0.0002,3.57,70884.9122807018,0.00821692686935086,0.0335737614242955,27138.9983090727
1000,0.00114,0.02434,3.99,0.0002,3.57,85190,0.00821692686935086,0.0349140315478586,40762.7464854741
1000,0.00114,0.02434,4.21,0.0002,3.57,89887.1929824561,0.00821692686935086,0.0341979442513709,44451.0309743104
1000,0.00114,0.02434,5.08,0.0002,3.57,108462.456140351,0.00821692686935086,0.0349140315478586,66076.2018393564
1000,0.00114,0.02434,6.71,0.0002,3.57,143264.385964912,0.00821692686935086,0.0349140315478586,115282.314434999
1000,0.00114,0.02434,5.66,0.0002,3.57,120845.964912281,0.00821692686935086,0.0350751873952568,82404.4203728549
1000,0.00114,0.02434,7.17,0.0002,3.57,153085.789473684,0.00821692686935086,0.0354813389233575,133769.147048888
1000,0.00114,0.02434,7.95,0.0002,3.57,169739.473684211,0.00821692686935086,0.0344349930763338,159606.988705176
1000,0.00132,0.098,1.01,0.0008,3.57,74984.8484848485,0.00816326530612245,0.034276778654645,636.876013280633
1000,0.00132,0.098,1.13,0.0008,3.57,83893.9393939394,0.00816326530612245,0.0341979442513709,795.369680622625
1000,0.00132,0.098,1.21,0.0008,3.57,89833.3333333333,0.00816326530612245,0.0348337315036012,928.929778934124
1000,0.00114,0.098,1.31,0.0008,3.57,112614.035087719,0.00816326530612245,0.034276778654645,1071.40763296823
1000,0.00132,0.098,1.45,0.0008,3.57,107651.515151515,0.00816326530612245,0.0346736850452532,1327.84734399639
1000,0.00114,0.098,1.57,0.0008,3.57,134964.912280702,0.00816326530612245,0.0350751873952568,1574.74939283535
1000,0.00127,0.098,1.92,0.0008,3.57,148157.480314961,0.00816326530612245,0.0354813389233575,2382.39957077155
1000,0.00127,0.098,2.03,0.0008,3.57,156645.669291339,0.00816326530612245,0.0352370871042487,2644.86933022958
1000,0.00127,0.098,2.2,0.0008,3.57,169763.779527559,0.00816326530612245,0.0369828179780266,3260.2995677486
1000,0.00127,0.098,2.35,0.0008,3.57,181338.582677165,0.00816326530612245,0.0355631318568985,3577.23827845208
1000,0.00127,0.098,2.49,0.0008,3.57,192141.732283465,0.00816326530612245,0.0358921934645005,4053.31950845062
1000,0.00127,0.098,2.66,0.0008,3.57,205259.842519685,0.00816326530612245,0.0355631318568985,4583.26974432151
1000,0.00119,0.098,2.72,0.0008,3.57,224000,0.00816326530612245,0.0358921934645005,4836.70893232707
1000,0.00119,0.098,3.11,0.0008,3.57,256117.647058824,0.00816326530612245,0.0354813389233575,6250.76141722533
1000,0.00119,0.098,3.58,0.0008,3.57,294823.529411765,0.00816326530612245,0.0358921934645005,8378.7300443713
1000,0.00116,0.098,3.71,0.0008,3.57,313431.034482759,0.00816326530612245,0.0349140315478586,8753.06117965068
1000,0.00116,0.098,3.87,0.0008,3.57,326948.275862069,0.00816326530612245,0.0355631318568985,9701.3924803167
1000,0.00116,0.098,4.18,0.0008,3.57,353137.931034483,0.00816326530612245,0.0354813389233575,11291.8398058672
1000,0.00116,0.098,4.24,0.0008,3.57,358206.896551724,0.00816326530612245,0.0361409862639613,11834.3349741459
1000,0.00116,0.098,4.45,0.0008,3.57,375948.275862069,0.00816326530612245,0.0355631318568985,12827.2088744314
1000,0.00116,0.098,4.71,0.0008,3.57,397913.793103448,0.00816326530612245,0.0354813389233575,14336.8571826045
1000,0.00116,0.098,4.95,0.0008,3.57,418189.655172414,0.00816326530612245,0.0363078054770101,16204.0114959723
1000,0.00116,0.098,4.99,0.0008,3.57,421568.965517241,0.00816326530612245,0.0349140315478586,15834.8238300666
1000,0.00115,0.098,5.14,0.0008,3.57,438017.391304348,0.00816326530612245,0.0349140315478586,16801.12576499
1000,0.00115,0.098,5.31,0.0008,3.57,452504.347826087,0.00816326530612245,0.0354813389233575,18222.2158575932
1000,0.00115,0.098,5.35,0.0008,3.57,455913.043478261,0.00816326530612245,0.0355631318568985,18540.4260072421
1000,0.00115,0.098,5.48,0.0008,3.57,466991.304347826,0.00816326530612245,0.0363078054770101,19859.7264290847
1000,0.00115,0.098,5.76,0.0008,3.57,490852.173913044,0.00816326530612245,0.0357272838151929,21590.2221810193
1000,0.00115,0.098,6.09,0.0008,3.57,518973.913043478,0.00816326530612245,0.0355631318568985,24024.0780434692
1000,0.00115,0.098,6.56,0.0008,3.57,559026.086956522,0.00816326530612245,0.0361409862639613,28328.2550253318
1000,0.00115,0.098,6.7,0.0008,3.57,570956.52173913,0.00816326530612245,0.0354813389233575,29010.9366134805
1000,0.00115,0.098,7.21,0.0008,3.57,614417.391304348,0.00816326530612245,0.0355631318568985,33673.0669788829
1000,0.0012,0.098,8.4,0.0008,3.57,686000,0.00816326530612245,0.0352370871042487,45286.7043463805
1000,0.0012,0.098,8.96,0.0008,3.57,731733.333333333,0.00816326530612245,0.0358921934645005,52484.1495217221
1000,0.00092,0.098,7.7,0.0008,3.57,820217.391304348,0.00816326530612245,0.0357272838151929,38582.7869741222
1000,0.00092,0.098,7.74,0.0008,3.57,824478.260869565,0.00816326530612245,0.0354813389233575,38716.3195871185
1000,0.00092,0.098,8.36,0.0008,3.57,890521.739130435,0.00816326530612245,0.0355631318568985,45271.4807398288
1000,0.00092,0.098,8.6,0.0008,3.57,916086.956521739,0.00816326530612245,0.0358921934645005,48351.3993072705
1000,0.00129,0.02434,0.249,0.0004,7.05,4698.18604651163,0.0164338537387017,0.0390840895792402,350.943531181541
1000,0.00129,0.02434,0.27,0.0004,7.05,5094.41860465116,0.0164338537387017,0.0389045144994281,410.739127042082
1000,0.00129,0.02434,0.296,0.0004,7.05,5584.99224806202,0.0164338537387017,0.0390840895792402,495.931814454637
1000,0.00129,0.02434,0.307,0.0004,7.05,5792.54263565891,0.0164338537387017,0.0395366620068128,539.653873156013
1000,0.00129,0.02434,0.323,0.0004,7.05,6094.43410852713,0.0164338537387017,0.0382824743316823,578.420387532417
1000,0.00129,0.02434,0.355,0.0004,7.05,6698.21705426357,0.0164338537387017,0.0384591782045354,701.932342424965
1000,0.00129,0.02434,0.392,0.0004,7.05,7396.34108527132,0.0164338537387017,0.0394457302075278,877.830530825747
1000,0.00129,0.02434,0.402,0.0004,7.05,7585.02325581395,0.0164338537387017,0.0378442584717093,885.708175836851
1000,0.00129,0.02434,0.45,0.0004,7.05,8490.6976744186,0.0164338537387017,0.0378442584717093,1109.84818201878
1000,0.00129,0.02434,0.455,0.0004,7.05,8585.03875968992,0.0164338537387017,0.0382824743316823,1147.78710357522
1000,0.00123,0.02434,0.48,0.0004,7.05,9498.53658536585,0.0164338537387017,0.0378442584717093,1262.76059820803
1000,0.00123,0.02434,0.516,0.0004,7.05,10210.9268292683,0.0164338537387017,0.0384591782045354,1482.98907172943
1000,0.00123,0.02434,0.566,0.0004,7.05,11200.3577235772,0.0164338537387017,0.0382824743316823,1776.11634031128
1000,0.00123,0.02434,0.608,0.0004,7.05,12031.4796747967,0.0164338537387017,0.0390840895792402,2092.40479203066
1000,0.00123,0.02434,0.674,0.0004,7.05,13337.5284552845,0.0164338537387017,0.0389045144994281,2559.51889816418
1000,0.00123,0.02434,0.684,0.0004,7.05,13535.4146341463,0.0164338537387017,0.039719154946944,2691.22960036658
1000,0.00123,0.02434,0.785,0.0004,7.05,15534.0650406504,0.0164338537387017,0.039719154946944,3544.68674225808
1000,0.00123,0.02434,0.942,0.0004,7.05,18640.8780487805,0.0164338537387017,0.0406443329165213,5223.24446858379
1000,0.00123,0.02434,0.987,0.0004,7.05,19531.3658536585,0.0164338537387017,0.0414954042634363,5854.27140828159
1000,0.00123,0.02434,1.03,0.0004,7.05,20382.2764227642,0.0164338537387017,0.0409260659730011,6288.00671538282
1000,0.00128,0.02434,2.02,0.0004,7.05,38411.5625,0.0164338537387017,0.0435511873685569,25736.0141293662
1000,0.00128,0.02434,2.37,0.0004,7.05,45067.03125,0.0164338537387017,0.0440554863506553,35837.2964676483
1000,0.00116,0.02434,3,0.0004,7.05,62948.275862069,0.0164338537387017,0.0443608643931433,57820.3953521968
1000,0.00116,0.02434,3.79,0.0004,7.05,79524.6551724138,0.0164338537387017,0.0452897579903621,94214.3307289028
1000,0.00116,0.02434,4.4,0.0004,7.05,92324.1379310345,0.0164338537387017,0.0452897579903621,126982.507982509
1000,0.00107,0.02434,4.7,0.0004,7.05,106914.018691589,0.0164338537387017,0.0448745389933132,143560.268957562
1000,0.00107,0.02434,5.15,0.0004,7.05,117150.46728972,0.0164338537387017,0.0446683592150963,171574.604125737
1000,0.00107,0.02434,5.98,0.0004,7.05,136031.028037383,0.0164338537387017,0.0446683592150963,231334.771359336
1000,0.00107,0.02434,6.64,0.0004,7.05,151044.485981308,0.0164338537387017,0.0446683592150963,285216.539393424
1000,0.00128,0.0487,0.7,0.0008,7.05,26632.8125,0.0164271047227926,0.0433510878387529,1537.53935255618
1000,0.00128,0.0487,0.725,0.0008,7.05,27583.984375,0.0164271047227926,0.0426579518801593,1622.9538603379
1000,0.00128,0.0487,0.954,0.0008,7.05,36296.71875,0.0164271047227926,0.0433510878387529,2855.79421508371
1000,0.00128,0.0487,1.132,0.0008,7.05,43069.0625,0.0164271047227926,0.0443608643931433,4114.55634367085
1000,0.00128,0.0487,1.44,0.0008,7.05,54787.5,0.0164271047227926,0.045081670454146,6766.36068345694
1000,0.00105,0.0487,1.46,0.0008,7.05,67716.1904761905,0.0164271047227926,0.045081670454146,6955.62038621567
1000,0.00105,0.0487,1.54,0.0008,7.05,71426.6666666667,0.0164271047227926,0.0458141886714533,7864.50878301019
1000,0.00105,0.0487,2.11,0.0008,7.05,97863.8095238095,0.0164271047227926,0.0453941616650203,14628.3408357218
1000,0.00105,0.0487,2.72,0.0008,7.05,126156.19047619,0.0164271047227926,0.0448745389933132,24030.7855696233
1000,0.00105,0.0487,3.74,0.0008,7.05,173464.761904762,0.0164271047227926,0.0453941616650203,45959.2956747921
1000,0.00105,0.0487,4.06,0.0008,7.05,188306.666666667,0.0164271047227926,0.0453941616650203,54160.4454077185
1000,0.00105,0.0487,4.54,0.0008,7.05,210569.523809524,0.0164271047227926,0.0443608643931433,66182.3015123847
1000,0.00105,0.0487,6.4,0.0008,7.05,296838.095238095,0.0164271047227926,0.0453941616650203,134582.969976228
1000,0.00105,0.0487,9.75,0.0008,7.05,452214.285714286,0.0164271047227926,0.0448745389933132,308773.052715764
1000,0.00111,0.0964,0.99,0.0016,7.05,85978.3783783784,0.016597510373444,0.0452897579903621,1623.12690474479
1000,0.00111,0.0964,1.35,0.0016,7.05,117243.243243243,0.016597510373444,0.0453941616650203,3025.16888186318
1000,0.00111,0.0964,1.71,0.0016,7.05,148508.108108108,0.016597510373444,0.0456036915951296,4876.11913839676
1000,0.00111,0.0964,1.93,0.0016,7.05,167614.414414414,0.016597510373444,0.0452897579903621,6168.74340116708
1000,0.00111,0.0964,2.07,0.0016,7.05,179772.972972973,0.016597510373444,0.0448745389933132,7031.09196334936
1000,0.00108,0.0964,2.46,0.0016,7.05,219577.777777778,0.016597510373444,0.0453941616650203,10045.0545983447
1000,0.00108,0.0964,2.48,0.0016,7.05,221362.962962963,0.016597510373444,0.0453941616650203,10209.0527797044
1000,0.00108,0.0964,2.69,0.0016,7.05,240107.407407407,0.016597510373444,0.0456036915951296,12066.648095945
1000,0.00108,0.0964,3,0.0016,7.05,267777.777777778,0.016597510373444,0.0456036915951296,15008.0613677955
1000,0.00108,0.0964,3.12,0.0016,7.05,278488.888888889,0.016597510373444,0.0458141886714533,16307.6460027694
1000,0.00108,0.0964,3.68,0.0016,7.05,328474.074074074,0.016597510373444,0.0453941616650203,22479.0381705042
1000,0.00108,0.0964,3.9,0.0016,7.05,348111.111111111,0.016597510373444,0.0456036915951296,25363.6237115744
1000,0.00108,0.0964,4.06,0.0016,7.05,362392.592592593,0.016597510373444,0.0453941616650203,27361.1378771358
1000,0.0009,0.0964,4.85,0.0016,7.05,519488.888888889,0.016597510373444,0.0456036915951296,39225.2359471078
1000,0.0009,0.0964,6.03,0.0016,7.05,645880,0.016597510373444,0.0456036915951296,60634.0687320306
1000,0.0009,0.0964,6.82,0.0016,7.05,730497.777777778,0.016597510373444,0.0453941616650203,77205.9616465148
1000,0.0009,0.0964,7.69,0.0016,7.05,823684.444444445,0.016597510373444,0.0456036915951296,98613.1353168991
1000,0.0009,0.0964,8.55,0.0016,7.05,915800,0.016597510373444,0.0446683592150963,119402.746592983
1000,0.0009,0.0964,9.34,0.0016,7.05,1000417.77777778,0.016597510373444,0.0456036915951296,145470.804250718
1000,0.00126,0.02412,0.308,0.0008,7.05,5896,0.033167495854063,0.0496592321450336,688.467194389627
1000,0.00126,0.02412,0.345,0.0008,7.05,6604.28571428571,0.033167495854063,0.0500034534976979,869.801211040062
1000,0.00126,0.02412,0.374,0.0008,7.05,7159.42857142857,0.033167495854063,0.0509330871057195,1041.17809429099
1000,0.00126,0.02412,0.42,0.0008,7.05,8040,0.033167495854063,0.0515228644581756,1328.251755752
1000,0.00126,0.02412,0.466,0.0008,7.05,8920.57142857143,0.033167495854063,0.052119471110508,1654.06911013139
1000,0.00123,0.02412,0.51,0.0008,7.05,10000.9756097561,0.033167495854063,0.0537031796370253,2041.37207745256
1000,0.00123,0.02412,0.56,0.0008,7.05,10981.4634146341,0.033167495854063,0.0542000890401624,2484.03592158197
1000,0.00123,0.02412,0.606,0.0008,7.05,11883.5121951219,0.033167495854063,0.0544502652842421,2922.31526191053
1000,0.00123,0.02412,0.612,0.0008,7.05,12001.1707317073,0.033167495854063,0.0554625712957911,3035.88042680443
1000,0.00123,0.02412,0.664,0.0008,7.05,13020.8780487805,0.033167495854063,0.0563637655825954,3631.76698738896
1000,0.00123,0.02412,0.694,0.0008,7.05,13609.1707317073,0.033167495854063,0.0549540873857625,3868.12730444673
1000,0.00123,0.02412,0.77,0.0008,7.05,15099.5121951219,0.033167495854063,0.0554625712957911,4805.77316697731
1000,0.00123,0.02412,0.8,0.0008,7.05,15687.8048780488,0.033167495854063,0.0567544605408547,5308.37740382124
1000,0.00123,0.02412,0.95,0.0008,7.05,18629.2682926829,0.033167495854063,0.0575439937337157,7589.77722077079
1000,0.00123,0.02412,0.995,0.0008,7.05,19511.7073170732,0.033167495854063,0.0570164272280747,8249.50669534923
1000,0.00123,0.02412,1.05,0.0008,7.05,20590.243902439,0.033167495854063,0.0587489352529777,9465.86738952478
1000,0.00123,0.02412,1.115,0.0008,7.05,21864.8780487805,0.033167495854063,0.0579428696426881,10527.6527774936
1000,0.00123,0.02412,1.18,0.0008,7.05,23139.5121951219,0.033167495854063,0.0599791076255509,12205.2261956387
1000,0.00123,0.02412,1.24,0.0008,7.05,24316.0975609756,0.033167495854063,0.0591561634175474,13293.0668312456
1000,0.00123,0.02412,1.31,0.0008,7.05,25688.7804878049,0.033167495854063,0.0591561634175474,14836.2590980102
1000,0.00121,0.02412,1.334,0.0008,7.05,26591.8016528926,0.033167495854063,0.0605340874753914,15743.2168310131
1000,0.00123,0.02412,1.49,0.0008,7.05,29218.5365853659,0.033167495854063,0.0609536897240169,19776.7240924926
1000,0.00123,0.02412,1.69,0.0008,7.05,33140.487804878,0.033167495854063,0.0602559586074358,25150.9982549713
1000,0.00122,0.02412,1.965,0.0008,7.05,38849.0163934426,0.033167495854063,0.060394862937638,34080.5760832709
1000,0.00121,0.02412,2.14,0.0008,7.05,42658.5123966942,0.033167495854063,0.059841159506032,40050.6311612865
1000,0.00121,0.02412,2.66,0.0008,7.05,53024.132231405,0.033167495854063,0.0602559586074358,62308.1836255296
1000,0.0012,0.02412,3.25,0.0008,7.05,65325,0.033167495854063,0.060394862937638,93228.4663233944
1000,0.0012,0.02412,3.64,0.0008,7.05,73164,0.033167495854063,0.059841159506032,115873.622725692
1000,0.00118,0.02412,3.75,0.0008,7.05,76652.5423728814,0.033167495854063,0.0597035286583837,122699.940835356
1000,0.00117,0.02412,4.47,0.0008,7.05,92150.7692307692,0.033167495854063,0.0601173737483278,175548.395388726
1000,0.00117,0.02412,4.84,0.0008,7.05,99778.4615384615,0.033167495854063,0.060394862937638,206762.864918846
1000,0.00117,0.02412,5.32,0.0008,7.05,109673.846153846,0.033167495854063,0.0602559586074358,249232.734502118
1000,0.00108,0.02412,5.6,0.0008,7.05,125066.666666667,0.033167495854063,0.060394862937638,276794.764866428
1000,0.00108,0.02412,6.4,0.0008,7.05,142933.333333333,0.033167495854063,0.0599791076255509,359039.115895835
1000,0.00108,0.02412,6.75,0.0008,7.05,150750,0.033167495854063,0.060394862937638,402151.194968962
1000,0.00098,0.02412,7.88,0.0008,7.05,193944.489795918,0.033167495854063,0.0601173737483278,545549.614012667
1000,0.00132,0.0482,0.755,0.0016,7.05,27568.9393939394,0.033195020746888,0.059566214352901,2483.16733322005
1000,0.00132,0.0482,0.865,0.0016,7.05,31585.6060606061,0.033195020746888,0.059841159506032,3274.49474666365
1000,0.00132,0.0482,0.95,0.0016,7.05,34689.393939394,0.033195020746888,0.0599791076255509,3958.76109601682
1000,0.00132,0.0482,1.08,0.0016,7.05,39436.3636363636,0.033195020746888,0.0602559586074358,5139.95828157653
1000,0.00128,0.0482,1.285,0.0016,7.05,48388.28125,0.033195020746888,0.060394862937638,7293.20361262571
1000,0.00128,0.0482,1.5,0.0016,7.05,56484.375,0.033195020746888,0.059841159506032,9846.78830564764
1000,0.00127,0.0482,1.84,0.0016,7.05,69833.0708661418,0.033195020746888,0.059566214352901,14748.4958086922
1000,0.00126,0.0482,1.935,0.0016,7.05,74021.4285714286,0.033195020746888,0.0599791076255509,16423.8141437491
1000,0.0012,0.0482,2.12,0.0016,7.05,85153.3333333333,0.033195020746888,0.0602559586074358,19805.4085225631
1000,0.00118,0.0482,2.18,0.0016,7.05,89047.4576271187,0.033195020746888,0.0601173737483278,20894.1674207567
1000,0.00118,0.0482,2.46,0.0016,7.05,100484.745762712,0.033195020746888,0.059841159506032,26483.9218268699
1000,0.00118,0.0482,2.48,0.0016,7.05,101301.694915254,0.033195020746888,0.059566214352901,26792.6360532197
1000,0.00098,0.0482,2.54,0.0016,7.05,124926.530612245,0.033195020746888,0.0599791076255509,28299.5491269386
1000,0.00098,0.0482,2.8,0.0016,7.05,137714.285714286,0.033195020746888,0.0606736329588505,34787.8946151617
1000,0.00098,0.0482,2.91,0.0016,7.05,143124.489795918,0.033195020746888,0.0608135001278718,37661.5388283346
1000,0.00098,0.0482,3.37,0.0016,7.05,165748.979591837,0.033195020746888,0.059841159506032,49701.7733815154
1000,0.00098,0.0482,3.5,0.0016,7.05,172142.857142857,0.033195020746888,0.0602559586074358,53981.9006767082
1000,0.00096,0.0482,4.06,0.0016,7.05,203845.833333333,0.033195020746888,0.0599791076255509,72304.3040468729
1000,0.00096,0.0482,4.56,0.0016,7.05,228950,0.033195020746888,0.059566214352901,90581.9714223839
1000,0.00096,0.0482,5.12,0.0016,7.05,257066.666666667,0.033195020746888,0.0602559586074358,115518.623436694
1000,0.00096,0.0482,5.56,0.0016,7.05,279158.333333333,0.033195020746888,0.0602559586074358,136226.521204856
1000,0.00096,0.0482,5.68,0.0016,7.05,285183.333333333,0.033195020746888,0.059841159506032,141191.565792056
1000,0.00096,0.0482,6.52,0.0016,7.05,327358.333333333,0.033195020746888,0.060394862937638,187761.814927805
1000,0.00098,0.0482,7.5,0.0016,7.05,368877.551020408,0.033195020746888,0.0599791076255509,246737.187424871
1000,0.00098,0.0482,8.34,0.0016,7.05,410191.836734694,0.033195020746888,0.0602559586074358,306509.672710926
1000,0.00098,0.0482,9.96,0.0016,7.05,489869.387755102,0.033195020746888,0.0608135001278718,441195.180764625
1000,0.00072,0.0482,10.18,0.0016,7.05,681494.444444445,0.033195020746888,0.060394862937638,457728.167914774
1000,0.00072,0.0482,11.35,0.0016,7.05,759819.444444445,0.033195020746888,0.059841159506032,563772.394001908
1000,0.00072,0.0482,13.6,0.0016,7.05,910444.444444445,0.033195020746888,0.0599791076255509,811315.736641851
1000,0.00072,0.0482,15.2,0.0016,7.05,1017555.55555556,0.033195020746888,0.0602559586074358,1018120.68019156
1000,0.00076,0.0482,9.76,0.0016,7.05,618989.473684211,0.033195020746888,0.0602559586074358,419770.310359314
1000,0.00076,0.0482,11.3,0.0016,7.05,716657.894736842,0.033195020746888,0.059841159506032,558816.177221399
1000,0.00076,0.0482,13.42,0.0016,7.05,851110.526315789,0.033195020746888,0.0599791076255509,789981.852468347
1000,0.00076,0.0482,15.26,0.0016,7.05,967805.263157895,0.033195020746888,0.0602559586074358,1026174.33910395
1000,0.00118,0.13,0.0438869230769231,2.4384e-07,1.8,4835,1.87569230769231e-06,0.03797,0.50630244086462
1000,0.00118,0.13,0.0540893846153846,2.4384e-07,1.8,5959,1.87569230769231e-06,0.0361,0.731190331130977
1000,0.00118,0.13,0.0740858461538462,2.4384e-07,1.8,8162,1.87569230769231e-06,0.03364,1.27827894375102
1000,0.00118,0.13,0.0989384615384615,2.4384e-07,1.8,10900,1.87569230769231e-06,0.03088,2.09269894166955
1000,0.00118,0.13,0.1239,2.4384e-07,1.8,13650,1.87569230769231e-06,0.02903,3.08523895130769
1000,0.00118,0.13,0.172370769230769,2.4384e-07,1.8,18990,1.87569230769231e-06,0.0267,5.4920901577502
1000,0.00118,0.13,0.267133846153846,2.4384e-07,1.8,29430,1.87569230769231e-06,0.02386,11.787655385189
1000,0.00118,0.13,0.370792307692308,2.4384e-07,1.8,40850,1.87569230769231e-06,0.02086,19.855228661705
1000,0.00118,0.13,0.537535384615385,2.4384e-07,1.8,59220,1.87569230769231e-06,0.02,40.0076708834228
1000,0.00118,0.13,0.76936,2.4384e-07,1.8,84760,1.87569230769231e-06,0.01805,73.9665852457846
1000,0.00118,0.13,1.08923076923077,2.4384e-07,1.8,120000,1.87569230769231e-06,0.01686,138.483021137915
1000,0.00118,0.13,1.59753846153846,2.4384e-07,1.8,176000,1.87569230769231e-06,0.01594,281.63726604934
1000,0.00118,0.13,2.15758461538461,2.4384e-07,1.8,237700,1.87569230769231e-06,0.01511,486.9667345787
1000,0.00118,0.13,2.70673846153846,2.4384e-07,1.8,298200,1.87569230769231e-06,0.01462,741.547743991537
1000,0.00118,0.13,4.24618461538461,2.4384e-07,1.8,467800,1.87569230769231e-06,0.01365,1703.84291795929
1000,0.00118,0.13,5.33269230769231,2.4384e-07,1.8,587500,1.87569230769231e-06,0.01313,2584.97849889053
1000,0.00118,0.13,7.4812,2.4384e-07,1.8,824200,1.87569230769231e-06,0.01244,4820.16680857108
1000,0.00118,0.13,9.53076923076923,2.4384e-07,1.8,1050000,1.87569230769231e-06,0.01198,7533.76177605826
1000,0.00118,0.13,0.284198461538462,2.4384e-07,1.8,31310,1.87569230769231e-06,0.02364,13.2187404280513
1000,0.00118,0.13,0.376147692307692,2.4384e-07,1.8,41440,1.87569230769231e-06,0.02216,21.7062957825235
1000,0.00118,0.13,0.511575384615385,2.4384e-07,1.8,56360,1.87569230769231e-06,0.02061,37.3419013923391
1000,0.00118,0.13,0.67142,2.4384e-07,1.8,73970,1.87569230769231e-06,0.01929,60.2032493655415
1000,0.00118,0.13,0.893713846153846,2.4384e-07,1.8,98460,1.87569230769231e-06,0.01815,100.362797753184
1000,0.00118,0.13,1.3216,2.4384e-07,1.8,145600,1.87569230769231e-06,0.01666,201.453220312615
1000,0.00118,0.13,1.67741538461538,2.4384e-07,1.8,184800,1.87569230769231e-06,0.01594,310.505085819397
1000,0.00118,0.13,2.08406153846154,2.4384e-07,1.8,229600,1.87569230769231e-06,0.01529,459.756332759683
1000,0.00118,0.13,2.80023076923077,2.4384e-07,1.8,308500,1.87569230769231e-06,0.01461,793.11656349299
1000,0.00118,0.13,3.70429230769231,2.4384e-07,1.8,408100,1.87569230769231e-06,0.01384,1314.75777211014
1000,0.00118,0.13,4.88156923076923,2.4384e-07,1.8,537800,1.87569230769231e-06,0.01324,2184.26862717317
1000,0.00118,0.13,6.81404615384615,2.4384e-07,1.8,750700,1.87569230769231e-06,0.01249,4014.87230827697
1000,0.00118,0.13,9.29476923076923,2.4384e-07,1.8,1024000,1.87569230769231e-06,0.01183,7075.56500086154
1000,0.00118,0.13,12.1812307692308,2.4384e-07,1.8,1342000,1.87569230769231e-06,0.01131,11618.3405930698
1000,0.00118,0.13,16.2567692307692,2.4384e-07,1.8,1791000,1.87569230769231e-06,0.01079,19741.9061729396
1000,0.00118,0.13,21.3489230769231,2.4384e-07,1.8,2352000,1.87569230769231e-06,0.01028,32437.264085143
1000,0.00118,0.13,28.2201538461538,2.4384e-07,1.8,3109000,1.87569230769231e-06,0.00989,54527.3262821413
1000,0.00118,0.13,40.2833846153846,2.4384e-07,1.8,4438000,1.87569230769231e-06,0.00941,105715.991255733
1000,0.00118,0.13,55.3964615384615,2.4384e-07,1.8,6103000,1.87569230769231e-06,0.00897,190570.489755998
1000,0.00118,0.13,70.4096923076923,2.4384e-07,1.8,7757000,1.87569230769231e-06,0.00862,295849.824402786
1000,0.00118,0.13,93.5830769230769,2.4384e-07,1.8,10310000,1.87569230769231e-06,0.00825,500204.674818844
1000,0.00118,0.13,124.172307692308,2.4384e-07,1.8,13680000,1.87569230769231e-06,0.00798,851827.29743847
1000,0.00118,0.13,166.107692307692,2.4384e-07,1.8,18300000,1.87569230769231e-06,0.00767,1465122.74506509
1000,0.00118,0.13,219.026153846154,2.4384e-07,1.8,24130000,1.87569230769231e-06,0.0074,2457665.82628566
1000,0.00118,0.13,273.669230769231,2.4384e-07,1.8,30150000,1.87569230769231e-06,0.0072,3733220.10920346
1000,0.00118,0.13,322.593846153846,2.4384e-07,1.8,35540000,1.87569230769231e-06,0.00708,5100873.71677218
